Name_Company;code_company
A&WRESTAURANTS;66
A.O.SMITH;64
A.SCHULMAN;65
ABFFREIGHTSYSTEM;72
ABMINDUSTRIES;74
ABSCAPITALPARTNERS;75
ABXAIR;76
ACLENS;77
ACCOBRANDS;81
ACNINC.;86
ADTCORP;95
ADTRAN;96
AECOM;101
AESCORPORATION;105
AGCO;109
AGLRESOURCES;111
AKSTEELHOLDING;119
AND1;197
ASARCO(AMERICANSMELTINGANDREFININGCOMPANY);232
ATCONFERENCE,INC.;242
AT&TMOBILITY;244
AT&T|AT&TINC.;243
AVST;273
AXAEQUITABLELIFEINSURANCECOMPANY|AXA;274
AARON'S,INC.;68
ABBVIEINC.|ABBVIE;70
ABBOTTLABORATORIES;69
ABERCROMBIE&FITCH;71
ABLITECH,INC.;73
ACADEMI;78
ACCENTUREPLC;79
ACCESSSYSTEMSAMERICAS|ACCESSSYSTEMSAMERICAS,INC.;80
ACCUQUOTE;82
ACCURIDECORPORATION;83
ACEHARDWARE;84
ACMEFRESHMARKET;85
ACSIS|ACSISINC.;87
ACTIVISION;89
ACTIVISIONBLIZZARD;88
ACUITYBRANDS;91
ACUITYINSURANCE;92
ADAPTEC;93
ADOBESYSTEMS;94
ADVANCEAUTOPARTS;97
ADVANCEPUBLICATIONS;98
ADVANCEDMICRODEVICES;99
ADVENTINTERNATIONAL;100
AERCAP;102
AEROJETROCKETDYNEHOLDINGS;103
AEROPOSTALE(PAKAIAN)|AEROPOSTALE;104
AETNA;106
AFFILIATEDMANAGERSGROUP;107
AFLAC;108
AGILENTTECHNOLOGIES;110
AGRIPROCESSORS;112
AIMCO;118
AIRPRODUCTS&CHEMICALS;113
AIRTRACTOR;114
AIRTRANSPORTINTERNATIONAL(ATI);115
AIRWISCONSIN;116
AIRGAS;117
AKAMAITECHNOLOGIES;120
ALASKAAIRGROUP;121
ALASKAAIRLINES;122
ALBEMARLECORPORATION;123
ALBERTSONSLLC;124
ALCOA;126
ALE-8-ONE;138
ALERIS;127
ALEXANDER&BALDWIN;128
ALEXIONPHARMACEUTICALS;129
ALIGNTECHNOLOGY;131
ALLEGHANYCORPORATION;132
ALLEGHENYTECHNOLOGIES;133
ALLEGION;134
ALLEGISGROUP;135
ALLENORGANCOMPANY;136
ALLERGAN;137
ALLIANCEDATA;130
ALLIANCERUBBERCOMPANY;139
ALLIANTENERGY;140
ALLIANTTECHSYSTEMS;141
ALLISONTRANSMISSION;142
ALLSTATE;143
ALLYFINANCIAL;144
ALOHAAIRCARGO;145
ALPHABETINC.;146
ALTECLANSING;150
ALTONSTEEL;151
ALTRAINDUSTRIALMOTION;152
ALTRIA;153
AMAZON.COM;155
AMBARELLAINC.;158
AMEREN;159
AMERICANAIRLINES;161
AMERICANAIRLINESGROUP;160
AMERICANAXLE;162
AMERICANEAGLEOUTFITTERS;163
AMERICANELECTRICPOWER;164
AMERICANEXPRESS;165
AMERICANFAMILYINSURANCE;166
AMERICANFINANCIALGROUP;167
AMERICANGREETINGS;168
AMERICANINTERNATIONALGROUP;169
AMERICANLICORICECOMPANY;170
AMERICANOUTDOORBRANDSCORPORATION;171
AMERICANREPROGRAPHICSCOMPANY;174
AMERICANSECURITIESLLC;175
AMERICANSUGARREFINING|AMERICANSUGARREFINING,INC.;177
AMERICANTOWERCORPORATION;178
AMERICANWATER(PERUSAHAAN)|AMERICANWATER;179
AMERIGROUP;180
AMERIPRISEFINANCIAL;181
AMERISOURCEBERGEN;182
AMETEK;183
AMGEN;184
AMKORTECHNOLOGY;185
AMPEXCORPORATION;186
AMPHENOL;187
AMSOIL|AMSOIL,INC.;188
AMTRAK(NATIONALRAILROADPASSENGERCORPORATION);189
AMWAY;190
AMY'SKITCHEN;191
ANADARKOPETROLEUMCORPORATION;192
ANALOGDEVICES;193
ANCESTRY.COM|ANCESTRY.COM,INC.;194
ANCHORBAYENTERTAINMENT;195
ANCHORBREWINGCOMPANY;196
ANDEAVOR;198
ANDERSENCORPORATION;200
ANDRONICO'S;201
ANIXTER;202
ANNTAYLOR(PAKAIAN)|ANNTAYLOR;203
ANNABELLECANDYCOMPANY;204
ANSYS;205
ANTEC;206
ANTHEMINC.;207
AONPLC;208
APACHECORPORATION;209
APOLLOGLOBALMANAGEMENT;210
APOLLOGROUP;211
APPLEINC.;212
APPLICO;213
APPLIEDBIOSYSTEMS;214
APPLIEDINDUSTRIALTECHNOLOGIES;215
APPLIEDMATERIALS;216
APPTIO;217
ARAMARK;218
ARCMACHINES;219
ARCHCOAL;220
ARCHERDANIELSMIDLAND;221
ARCONIC;222
ARCTICCAT;224
ARGONIDE;225
ARIBA;226
ARIZONABEVERAGECOMPANY;227
ARKEIASOFTWARE;228
ARMSTRONGWORLDINDUSTRIES;229
ARROWELECTRONICS;230
ARRYX;231
ARTHURJ.GALLAGHER&CO.;223
ASBURYAUTOMOTIVEGROUP;233
ASHLANDINC.;234
ASHLEYFURNITUREINDUSTRIES;235
ASKMENOW;236
ASPENSKIINGCOMPANY;237
ASPYRMEDIA;238
ASSOCIATEDELECTRICS;239
ASSOCIATEDWHOLESALEGROCERS;240
ASSURANT;241
ATARI;254
ATLASAIR;255
ATLASVANLINES;257
ATMELCORPORATION;258
ATMOSENERGY;259
AUBONPAIN;260
AUDIBLE,INC.;156
AUTHENTICBRANDSGROUP;261
AUTO-OWNERSINSURANCE;262
AUTONATION;265
AUTOZONE;266
AUTODESK;263
AUTOGRAPHCOLLECTIONHOTELS;386
AUTOMATICDATAPROCESSING;264
AVALONBAYCOMMUNITIES;267
AVAYA;268
AVERYDENNISON;269
AVISBUDGETGROUP;270
AVNET;271
AVONPRODUCTS;272
AZUMIO;275
BATHIRONWORKS;290
BLIZZARDENTERTAINMENT;90
BUSHMASTERFIREARMSINTERNATIONAL;51
CBSCORPORATION;465
CNN;250
CARTOONNETWORK;249
COLEMANCOMPANY;484
CRIMSONTRACE;172
DCCOMICS;253
DIRECTV;245
ELMER'SPRODUCTS;490
F5NETWORKS;1
FAOSCHWARZ;7
FICO;19
FLIRSYSTEMS;31
FMCCORPORATION;35
FABLETICS;2
FABRIKINC.;3
FACEBOOK;4
FALCKUSA;9
FANNIEMAE(FEDERALNATIONALMORTGAGEASSOCIATION);6
FARWESTCAPITAL;8
FARMERSINSURANCEGROUP;10
FASTENALCOMPANY;11
FAULTLESSSTARCH/BONAMICOMPANY;12
FEDEX;16
FEDERALREALTYINVESTMENTTRUST;14
FEDERALSIGNALCORPORATION;15
FEDERAL-MOGULCORPORATION;13
FENDERMUSICALINSTRUMENTSCORPORATION;17
FENWAYPARTNERS;18
FIDELITYINVESTMENTS;20
FIDELITYNATIONALINFORMATIONSERVICES;21
FIFTHTHIRDBANCORP.;22
FILTERFORGEINC.;23
FIRESTONETIREANDRUBBERCOMPANY|FIRESTONE;24
FIRSTALERT;485
FIRSTHAWAIIANBANK;25
FIRSTENERGYCORPORATION;26
FIRSTSOURCE;27
FISERV;28
FISKERINC.;29
FIVEGUYSENTERPRISES;30
FLOWERSFOODS;32
FLOWSERVE;33
FLUORCORPORATION;34
FOOTLOCKER;36
FORDMOTORCOMPANY;37
FORESTLABORATORIES;38
FORRESTERRESEARCH;39
FORTIVE;40
FORTUNEBRANDSHOME&SECURITY,INC.;41
FORUMCOMMUNICATIONS;42
FOSSILGROUP|FOSSIL,INC.;43
FOSTERFARMS(PETERNAKAN)|FOSTERFARMS;44
FOSTERSFREEZE;45
FRANKLINTEMPLETON;46
FRASCAINTERNATIONAL;47
FREDFLARE;53
FREDMEYER;48
FREDDIEMAC(FEDERALHOMELOANMORTGAGECORPORATION);49
FREEWAVETECHNOLOGIES;56
FREEDOMGROUP;50
FREEPORT-MCMORAN;54
FREESCALESEMICONDUCTOR;55
FRESH&EASY;57
FRIEDMANFLEISCHER&LOWE;58
FRIELINGUSA;59
FRONTIERAIRLINES;60
FRONTIERCOMMUNICATIONS;61
FRY'SELECTRONICS;62
FUNKO;63
GCI(PERUSAHAAN)|GCI;282
GHDGROUP;302
GAMESTOP;276
GANNETTCOMPANY;277
GAPINC.|GAP;278
GARDNERDENVER;279
GARMIN;280
GARTNER;281
GEMINISOUNDPRODUCTS;283
GENCORP;284
GENENTECH;285
GENERACPOWERSYSTEMS;286
GENERALATOMICS;287
GENERALCABLE;288
GENERALDYNAMICS;289
GENERALDYNAMICSELECTRICBOAT;291
GENERALELECTRIC;293
GENERALFIBRECOMPANY;294
GENERALMILLS;295
GENERALMOTORS;296
GENESCO|GENESCOINC.;297
GENTIVAHEALTHSERVICES;298
GENUINEPARTSCOMPANY;299
GENWORTHFINANCIAL;300
GEORGIA-PACIFIC;364
GERBERSCIENTIFIC;301
GIBSONGUITARCORPORATION;303
GILEADSCIENCES;304
GILLETTE(MEREK)|GILLETTE;305
GLOBALFRANCHISEGROUP;307
GLOBALINSIGHT;306
GLOBALFOUNDRIES;308
GODADDY;309
GOCANVAS;310
GOJOINDUSTRIES;311
GOLDENCORRAL;312
GOLDMANSACHS;313
GOODWILLINDUSTRIES;314
GOODYEARTIREANDRUBBERCOMPANY;315
GOOGLE;316
GOOGLE,INC.;147
GORDONFOODSERVICE;317
GRACO(FLUIDHANDLING)|GRACO;318
GRACO(PRODUKBAYI)|GRACO;486
GRAHAMHOLDINGSCOMPANY;319
GRAYLINEWORLDWIDE;320
GREATPLAINSENERGY;321
GREATSOUTHERNWOOD;322
GREYHOUNDLINES;323
GROUNDROUND;325
GROUPO;326
GROUPON;327
GROWMARK;328
GUARDIANINDUSTRIES;365
GULFSTREAMAEROSPACE;292
HBO;247
HEINZ;372
INVISTA;366
JOSTENS;487
K-SWISS;329
KBHOME;340
KBR(PERUSAHAAN)|KBR;341
KLATENCOR;360
KAHALACORP.|KAHALACORPORATION;330
KAHRARMS;331
KAISERALUMINUM;332
KAISERPERMANENTE;333
KALITTAAIR;334
KAMANAEROSPACE;335
KANSASCITYPOWERANDLIGHTCOMPANY(KCP&L);336
KANSASCITYSOUTHERNRAILWAY;337
KARMAAUTOMOTIVE;338
KATESPADE&COMPANY;339
KEEN(PERUSAHAANSEPATU)|KEEN;342
KEL-TECCNCINDUSTRIES;343
KELLOGGCOMPANY;344
KELLYSERVICES;345
KENDALL-JACKSON;346
KENNAMETAL;347
KENWORTH;518
KERR-MCGEE;348
KEURIGGREENMOUNTAIN;349
KEYBANK;350
KIEWITCORPORATION;351
KIMBALLINTERNATIONAL;352
KIMBERMANUFACTURING;353
KIMBERLY-CLARK;354
KINDERMORGAN;355
KINGKULLENGROCERYCOMPANY;356
KINGSTONTECHNOLOGY;357
KITCHENSOURCE.COM;358
KNIGHT'SARMAMENTCOMPANY;362
KNIGHT-SWIFT;361
KOCHINDUSTRIES;363
KOHL'S;369
KOHLBERGKRAVISROBERTS|KKR(KOHLBERGKRAVISROBERTS);359
KOHLERCOMPANY;368
KRAFT;371
KRAFTHEINZ;370
KRISPYKREME;373
KROGER;374
MDHELICOPTERS;414
MGMHOLDINGS,INC.;429
MTXAUDIO;455
MACANDREWS&FORBESHOLDINGS;375
MACY'S,INC.;376
MADISONDEARBORNPARTNERS;377
MAGELLANNAVIGATION;378
MAGNAVOX;379
MAGPULINDUSTRIES;380
MANPOWERGROUP;381
MARATHONOIL;382
MARATHONPETROLEUM;383
MARIECALLENDER'S;384
MARLINFIREARMS;52
MARRIOTTINTERNATIONAL;385
MARS,INCORPORATED;390
MARSH&MCLENNANCOMPANIES;391
MARSHALLPOTTERY;392
MARTHASTEWARTLIVINGOMNIMEDIA;393
MARTINMARIETTAMATERIALS;394
MARVELLTECHNOLOGYGROUP;395
MARYKAY;396
MASCOCORPORATION;397
MASSEYFERGUSON;398
MASTERCARD;399
MASTERCRAFT;400
MATTEL;401
MAUNALOAMACADAMIANUTCORPORATION;402
MAXIMINTEGRATED;403
MCAFEE;404
MCCORMICK&COMPANY;406
MCDONALD'S;407
MCGRAW-HILL;408
MCILHENNYCOMPANY;409
MCINTOSHLABORATORY;410
MCKEEFOODSCORPORATION;411
MCKESSONCORPORATION;412
MCKINSEY&COMPANY;413
MEADWESTVACO;415
MECHANISMDIGITAL;416
MEDIMIXINTERNATIONAL;417
MEIJER;418
MEINEKECARCARECENTERS;419
MENARDS;420
MENDIX;421
MERCK&CO.;422
MERCURYINSURANCEGROUP;423
MEREDITHCORPORATION;424
MERITOR;425
MESAAIRLINES;426
METLIFE;428
METAPRESS;427
METTLER-TOLEDO;430
MICHAELS|MICHAELSSTORES,INC.;431
MICROSTRATEGY;435
MICROCHIPTECHNOLOGY;432
MICRONTECHNOLOGY;433
MICROSOFT;434
MIDWAYGAMES;436
MIDWESTCOMMUNICATIONS;437
MIROTECHNOLOGIES;438
MOHAWKINDUSTRIES;439
MOLEX|MOLEX,INC.;367
MOLSONCOORSBREWINGCOMPANY;440
MONDEL?ZINTERNATIONAL;441
MONOTYPECORPORATION|MONOTYPEIMAGINGHOLDINGS;443
MONROMUFFLERBRAKE|MONROMUFFLERBRAKE,INC.;449
MONSANTO;444
MONSTERBEVERAGECORPORATION;445
MONTANARESOURCESLLP|MONTANARESOURCES;446
MOODY'SCORPORATION;447
MOOGINC.|MOOGINCORPORATED;448
MORGANSTANLEY;450
MORNINGSTAR,INC.|MORNINGSTAR;451
MOVADO;453
MR.TIRE;454
MURPHYOILCORPORATION;456
MUSCOLIGHTING;457
MUTUALOFOMAHA;458
MYLAN|MYLANINC.;459
NACCOINDUSTRIES;460
NASDAQOMXGROUP;461
NCRCORPORATION;473
NLINDUSTRIES;503
NRGENERGY;512
NABISCO;442
NATHAN'SFAMOUS|NATHAN'SFAMOUS,INC.;462
NATIONALAIRLINES(N8)|NATIONALAIRLINES;463
NATIONALAMUSEMENTS;464
NATIONALBEVERAGE;467
NATIONALOILWELLVARCO;468
NATIONALPRESTOINDUSTRIES;469
NATIONALRAILWAYEQUIPMENTCOMPANY;470
NATIONWIDEMUTUALINSURANCECOMPANY;471
NAUTILUS,INC.;472
NECCO;474
NEIMANMARCUSGROUP;475
NESTLABS;148
NETAPP;476
NETCORDIA;477
NETFLIX;478
NETGEAR;479
NEWBALANCE;480
NEWYORKLIFEINSURANCECOMPANY;481
NEWPAGECORPORATION;499
NEWEGG|NEWEGG.COM,INC.;482
NEWELLBRANDS;483
NEWFIELDEXPLORATION;497
NEWMONTMININGCORPORATION;498
NEWSCORPORATION;500
NIELSENMEDIARESEARCH|NIELSEN;501
NIKE,INC.;502
NOBLEENERGY;504
NORDSTROM;505
NORFOLKSOUTHERNRAILWAY;506
NORTHSAILS;507
NORTHSTARMOVING;508
NORTHROPGRUMMAN;509
NORWEGIANCRUISELINE;510
NOVELL;511
NUANCECOMMUNICATIONS;513
NUCOR;514
NVIDIA;515
OCULUSVR;5
ORECKCORPORATION;176
PCPOWERANDCOOLING;537
PMC-SIERRA;571
PNYTECHNOLOGIES;572
PPGINDUSTRIES;575
PSSCLABS;587
PVH(PERUSAHAAN)|PHILLIPS-VANHEUSEN(PVH);556
PABSTBREWINGCOMPANY;516
PACCAR|PACCAR;517
PACIFICGASANDELECTRICCOMPANY(PG&E);520
PACIFICLIFEINSURANCECOMPANY;521
PACKAGINGCORPORATIONOFAMERICA;522
PALLCORPORATION;523
PANDAENERGYINTERNATIONAL;524
PANDAEXPRESS;525
PANERABREAD;526
PANTONE;527
PAPAJOHN'SPIZZA;528
PAPAMURPHY'S;529
PAPERMATE;491
PARKSEEDCOMPANY;530
PARKERHANNIFINCORPORATION;531
PATAGONIA(PAKAIAN)|PATAGONIA;532
PATTERSONCOMPANIES;533
PAXTONMEDIAGROUP;534
PAYCHEX|PAYCHEXINC.;535
PAYLESSSHOESOURCE;536
PEABODYENERGY;538
PEARSON'SCANDYCOMPANY;539
PEAVEYELECTRONICS|PEAVEYELECTRONICSCORPORATION;540
PEET'SCOFFEE;541
PELICANPRODUCTS;542
PENNNATIONALINSURANCE;543
PENSKECORPORATION;544
PEPSICO;545
PERDUEFARMS;546
PERKINELMER;547
PERRIGO;548
PERRYELLISINTERNATIONAL;549
PETMEDS;551
PETSMART;552
PETCOANIMALSUPPLIES;550
PETERBILT;519
PFIZER;553
PHILCO;554
PHILIPMORRISUSA|PHILIPMORRIS;154
PHILLIPS66;555
PIER1IMPORTS;557
PIGGYBACKR;558
PILGRIM'SPRIDE;559
PILOTTRAVELCENTERS;560
PINNACLEFOODS|PINNACLEFOODSGROUP;561
PINNACLESYSTEMS;562
PIONEERNATURALRESOURCES;563
PIONEERRAILCORP;564
PIPERJAFFRAY;565
PITNEYBOWES;566
PLAINSALLAMERICANPIPELINE;567
PLANETHOLLYWOOD;568
PLANTRONICS;569
PLOCHMAN'S;570
POLARISINDUSTRIES;574
POLAROIDCORPORATION;573
PRAXAIR;576
PRESTIGEBRANDS;577
PRICEDOC.COM;578
PRICEWATERHOUSECOOPERS;579
PRIMERICA;580
PRINCIPALFINANCIALGROUP;581
PROCTER&GAMBLE;582
PROGRESSIVECORPORATION;583
PROMOTUSADVERTISING;584
PROTECTIVELIFECORPORATION;585
PRUDENTIALFINANCIAL;586
PUBLICSTORAGE;588
PUBLISHERSCLEARINGHOUSE;589
PUBLIX;590
PULTEHOMES;591
RUBBERMAID;488
SAFEWAYINC.;125
SANFORDL.P.;489
SHARPIE(SPIDOL)|SHARPIE;492
SHERATONHOTELSANDRESORTS;388
SMITH&WESSON;173
SOUTHERNAIR;256
STARWOODHOTELS&RESORTSWORLDWIDE;389
SUNBEAMPRODUCTS;494
THEGREENBRIERCOMPANIES;324
THEMCCLATCHYCOMPANY;405
THEMOSAICCOMPANY;452
THERITZ-CARLTONHOTELCOMPANY;387
TURNERBROADCASTINGSYSTEM;248
TURNERSPORTS;251
UNITEDSTATESPLAYINGCARDCOMPANY;495
VIACOM;466
WARNERBROS.;252
WARNERMEDIA;246
WESTERNREFINING;199
WHOLEFOODSMARKET;157
X(PERUSAHAAN)|X;149
X-ACTO;493
YANKEECANDLE;496
A21,INC.;67
PRIVATE;0
